model,dataset,accuracy,precision,recall,f1,roc_auc,pr_auc
Logistic Regression,train,0.8455573080967402,0.1996441984581933,0.6080674292594822,0.3005952380952381,0.8027515791360501,0.3346734589223838
Logistic Regression,validation,0.819794952681388,0.2764227642276423,0.6737804878048781,0.3920177383592018,0.800105558323276,0.4917780002410254
Logistic Regression,test,0.7418984800688271,0.4304635761589404,0.7103825136612022,0.5360824742268041,0.7978251167772454,0.5959909110354333
Random Forest,train,0.9071372239747634,0.35649174673564915,0.8711619506321493,0.5059440559440559,0.9655478726728958,0.7772931244558553
Random Forest,validation,0.8680336487907466,0.3242424242424242,0.4893292682926829,0.39003645200486026,0.7795799024320076,0.3464468134470174
Random Forest,test,0.7995411528534557,0.5208596713021492,0.5628415300546448,0.541037426132633,0.8070733291680303,0.5825929593251366
Gradient Boosting,train,0.9533057308096741,0.8174603174603174,0.1860325105358218,0.3030897498773909,0.8472851314782379,0.4315869035587281
Gradient Boosting,validation,0.9246845425867508,0.7748344370860927,0.17835365853658536,0.2899628252788104,0.8181694292219821,0.4694069264986774
Gradient Boosting,test,0.8319472325781474,0.8318181818181818,0.25,0.38445378151260506,0.8309531601757361,0.635455365954737
